Cluster	OTU_ID	Core	baseMean	estimate	stderror	statistic	p.value	p.adjusted	Kingdom	Phylum	Class	Order	Family	Genus	Species	Assignment	PhyClass	PhyClass2
OTU Cluster 1	AB006750.1.1525	FALSE	5.37285258392025	3.50001836706254	2.16577072054319	9.703699883875	0.0078139088925086	0.0231352988778196	Bacteria	Proteobacteria	Gammaproteobacteria	Betaproteobacteriales	Burkholderiaceae	uncultured	uncultured beta proteobacterium	Microbial	Gammaproteobacteria	Gammaproteobacteria
OTU Cluster 1	AB021375.1.1513	TRUE	34.7767415783859	3.80340464150688	0.990465821220442	13.3606514362771	0.00125536900950567	0.00516983783005515	Bacteria	Proteobacteria	Gammaproteobacteria	Betaproteobacteriales	Burkholderiaceae	Paucimonas	Paucimonas lemoignei	Microbial	Gammaproteobacteria	Gammaproteobacteria
OTU Cluster 1	AB078821.1.1261	FALSE	3.70967764931692	1.0601882151156	2.00076909799439	17.5146724759414	0.000157303068941825	0.00104791603280363	Bacteria	Actinobacteria	Actinobacteria	Micrococcales	Cellulomonadaceae	Cellulomonas	Cellulomonadaceae str. K6	Microbial	Actinobacteria	Actinobacteria
OTU Cluster 1	AB374388.1.1497	FALSE	15.0873806779677	-5.58003621027436	1.42131095189254	29.7237857725162	3.51206001682567e-07	6.36385275048812e-06	Bacteria	Proteobacteria	Alphaproteobacteria	Rhizobiales	Rhizobiaceae	Mesorhizobium	uncultured endolithic bacterium	Microbial	Alphaproteobacteria	Alphaproteobacteria
OTU Cluster 1	AB476693.1.1453	FALSE	12.3624692742136	-3.4294734609635	1.37560072585378	34.7762862156519	2.80818294705519e-08	7.48298161774117e-07	Bacteria	Proteobacteria	Alphaproteobacteria	Caulobacterales	Caulobacteraceae	Asticcacaulis	uncultured alpha proteobacterium	Microbial	Alphaproteobacteria	Alphaproteobacteria
OTU Cluster 1	AB568116.1.1572	FALSE	1.83412103580863	2.69123741775223	1.91450724751004	8.02056502254792	0.0181282730717803	0.0449689106003676	Bacteria	Proteobacteria	Gammaproteobacteria	Betaproteobacteriales	Burkholderiaceae	Burkholderia-Caballeronia-Paraburkholderia	Burkholderia vietnamiensis	Microbial	Gammaproteobacteria	Gammaproteobacteria
OTU Cluster 1	ABRA01002618.192.1704	FALSE	36.7731719777226	-0.617371311762245	0.928416412053007	28.6737811754932	5.93700657774356e-07	9.96097770265864e-06	Bacteria	Proteobacteria	Alphaproteobacteria	Rhizobiales	Rhizobiaceae	Allorhizobium-Neorhizobium-Pararhizobium-Rhizobium	Rhizobium etli 8C-3	Microbial	Alphaproteobacteria	Alphaproteobacteria
OTU Cluster 1	ADIG01001062.61012.62536	FALSE	7.24755753586239	-4.29831894785437	1.67083737642833	15.777972352992	0.000374849413554825	0.00202150933738495	Bacteria	Proteobacteria	Gammaproteobacteria	Xanthomonadales	Rhodanobacteraceae	Rhodanobacter	groundwater metagenome	Microbial	Gammaproteobacteria	Gammaproteobacteria
OTU Cluster 1	AP017313.4721397.4722906	FALSE	25.6073595572298	-3.81489137184327	1.42306251274394	52.6648605960528	3.66412960196681e-12	3.31970141938193e-10	Bacteria	Bacteroidetes	Bacteroidia	Sphingobacteriales	Sphingobacteriaceae	Mucilaginibacter	Mucilaginibacter gotjawali	Microbial	Bacteroidetes	Bacteroidetes
OTU Cluster 1	AWGF01000024.254.1717	FALSE	6.61504156022902	0.330311531179666	2.39437317671119	14.9910797457074	0.000555556706129285	0.00266317774626846	Bacteria	Proteobacteria	Alphaproteobacteria	Caulobacterales	Caulobacteraceae	Asticcacaulis	Asticcacaulis sp. YBE204	Microbial	Alphaproteobacteria	Alphaproteobacteria
OTU Cluster 1	AY138237.1.1441	FALSE	1.38680863433086	0.330318384117978	2.36926664778911	8.59919917382563	0.0135739931286767	0.0366013029005391	Bacteria	Proteobacteria	Alphaproteobacteria	Rhizobiales	Pleomorphomonadaceae	uncultured	uncultured Rhizobiales bacterium	Microbial	Alphaproteobacteria	Alphaproteobacteria
OTU Cluster 1	AY138998.1.1524	FALSE	122.022870181139	-2.59364171816684	0.836270699835797	47.112042113133	5.8850484081833e-11	3.7164762005325e-09	Bacteria	Proteobacteria	Gammaproteobacteria	Xanthomonadales	Rhodanobacteraceae	Dyella	gamma proteobacterium CA4	Microbial	Gammaproteobacteria	Gammaproteobacteria
OTU Cluster 1	AY139001.1.1524	FALSE	45.1250902135238	-0.365214598207017	1.32859724052372	25.6791299218395	2.65367533251109e-06	3.33920812674312e-05	Bacteria	Proteobacteria	Gammaproteobacteria	Xanthomonadales	Rhodanobacteraceae	Dyella	gamma proteobacterium FI1	Microbial	Gammaproteobacteria	Gammaproteobacteria
OTU Cluster 1	AY218670.1.1504	FALSE	21.3717581867178	-5.99371486502829	1.35258623501268	30.9282294930356	1.92318161252994e-07	3.92143586518737e-06	Bacteria	Proteobacteria	Gammaproteobacteria	Xanthomonadales	Rhodanobacteraceae	Rhodanobacter	uncultured bacterium	Microbial	Gammaproteobacteria	Gammaproteobacteria
OTU Cluster 1	AY218740.1.1501	FALSE	14.5577631060953	-5.83337081678126	1.39951215245246	28.9503056364446	5.17036265831405e-07	9.00836263160102e-06	Bacteria	Proteobacteria	Gammaproteobacteria	Xanthomonadales	Rhodanobacteraceae	Rhodanobacter	uncultured bacterium	Microbial	Gammaproteobacteria	Gammaproteobacteria
OTU Cluster 1	AY661983.1.1502	FALSE	1.64139364615259	-0.391413779245709	2.20761740157425	8.64558455727416	0.0132627983619268	0.0361930581804387	Bacteria	Armatimonadetes	Armatimonadia	Armatimonadales	uncultured bacterium	uncultured bacterium	uncultured bacterium	Microbial	Armatimonadetes	Low abundance
OTU Cluster 1	AY662003.1.1523	FALSE	28.3505315688477	0.330319513419664	1.88708987634045	46.6583148473237	7.38372755072683e-11	3.7164762005325e-09	Bacteria	Proteobacteria	Gammaproteobacteria	Betaproteobacteriales	Burkholderiaceae	Burkholderia-Caballeronia-Paraburkholderia	uncultured bacterium	Microbial	Gammaproteobacteria	Gammaproteobacteria
OTU Cluster 1	AY792243.1.1526	TRUE	397.198622798082	0.18900118900282	0.982749478898238	10.3238901792175	0.00573054241971785	0.0182812374375506	Bacteria	Proteobacteria	Gammaproteobacteria	Betaproteobacteriales	Burkholderiaceae	Massilia	uncultured beta proteobacterium	Microbial	Gammaproteobacteria	Gammaproteobacteria
OTU Cluster 1	AY913396.1.1429	FALSE	2.88466599272389	0.330321494082923	2.08755016966608	16.459878966663	0.000266552460631435	0.00160997686221387	Bacteria	Acidobacteria	Acidobacteriia	Acidobacteriales	Acidobacteriaceae (Subgroup 1)	uncultured	uncultured forest soil bacterium	Microbial	Acidobacteria	Acidobacteria
OTU Cluster 1	CP007444.4552578.4554122	FALSE	120.971598792911	-3.01948514012551	0.871934110135369	72.3874496338076	1.91101912107011e-16	4.3284583092238e-14	Bacteria	Proteobacteria	Gammaproteobacteria	Xanthomonadales	Rhodanobacteraceae	Dyella	Dyella jiangningensis	Microbial	Gammaproteobacteria	Gammaproteobacteria
OTU Cluster 1	DQ984575.1.1478	FALSE	16.2877027928916	0.330320081514542	1.92312203327542	37.887281172733	5.92763462467101e-09	1.81904659950025e-07	Bacteria	Bacteroidetes	Bacteroidia	Sphingobacteriales	Sphingobacteriaceae	Mucilaginibacter	uncultured bacterium	Microbial	Bacteroidetes	Bacteroidetes
OTU Cluster 1	EF492938.1.1491	FALSE	1.25424763668518	-0.390721495794458	2.21735084215502	7.92264991762672	0.0190378731757329	0.046366433057027	Bacteria	Gemmatimonadetes	Gemmatimonadetes	Gemmatimonadales	Gemmatimonadaceae	Gemmatimonas	uncultured bacterium	Microbial	Gemmatimonadetes	Gemmatimonadetes
OTU Cluster 1	EF516334.1.1436	FALSE	3.05154470253065	1.06041830605044	2.02262572088561	15.683647782788	0.00039295168546758	0.00206985015717225	Bacteria	Acidobacteria	Acidobacteriia	Acidobacteriales	uncultured	uncultured bacterium	uncultured bacterium	Microbial	Acidobacteria	Acidobacteria
OTU Cluster 1	EF516938.1.1461	FALSE	1.85681193286203	0.330320319993195	2.22314518262951	11.3266051984458	0.00347103451190663	0.0122842080772945	Bacteria	Actinobacteria	Actinobacteria	Frankiales	Geodermatophilaceae	Geodermatophilus	uncultured bacterium	Microbial	Actinobacteria	Actinobacteria
OTU Cluster 1	EU016441.1.1488	FALSE	1.30891189946989	0.330318974830465	2.35135430603781	8.50892284113975	0.0142007369111521	0.0378407871808935	Bacteria	Actinobacteria	Actinobacteria	Micrococcales	Cellulomonadaceae	Cellulomonas	uncultured Promicromonosporaceae bacterium	Microbial	Actinobacteria	Actinobacteria
OTU Cluster 1	EU016447.1.1486	TRUE	498.820384798023	0.82750859650897	0.775527122869201	129.219770414102	8.71532081206638e-29	3.94804032786607e-26	Bacteria	Actinobacteria	Actinobacteria	Micrococcales	Cellulomonadaceae	Cellulomonas	uncultured Cellulomonadaceae bacterium	Microbial	Actinobacteria	Actinobacteria
OTU Cluster 1	EU221376.1.1713	FALSE	2.3679615680039	0.330320752806561	2.15336600697661	14.071476175635	0.000879868504978949	0.00386971293937344	Bacteria	Actinobacteria	Actinobacteria	Micrococcales	Beutenbergiaceae	Salana	Salana multivorans	Microbial	Actinobacteria	Actinobacteria
OTU Cluster 1	EU747699.1.1596	FALSE	6.1141743532089	3.91302567263859	1.89077197791453	9.6112446553601	0.00818360654444844	0.0240725569132152	Bacteria	Proteobacteria	Gammaproteobacteria	Xanthomonadales	Xanthomonadaceae	Stenotrophomonas	Xanthomonas sp. S21	Microbial	Gammaproteobacteria	Gammaproteobacteria
OTU Cluster 1	EU881176.1.1524	FALSE	7.92437714591347	-4.42975276206517	1.70077790760766	16.022548022265	0.000331701857816682	0.00190203723532857	Bacteria	Verrucomicrobia	Verrucomicrobiae	Chthoniobacterales	Chthoniobacteraceae	Chthoniobacter	uncultured bacterium	Microbial	Verrucomicrobia	Verrucomicrobia
OTU Cluster 1	FCOA02000075.202.1732	FALSE	142.495187732934	1.81540853410688	1.77573258548636	70.3642378308082	5.25532880602853e-16	7.93554649710308e-14	Bacteria	Proteobacteria	Gammaproteobacteria	Betaproteobacteriales	Burkholderiaceae	Burkholderia-Caballeronia-Paraburkholderia	Burkholderia hypogeia	Microbial	Gammaproteobacteria	Gammaproteobacteria
OTU Cluster 1	FCOT01000007.86715.88218	FALSE	4.1158838391051	2.57420087890474	1.27824405286961	8.03419427781033	0.0180051556174578	0.0449689106003676	Bacteria	Actinobacteria	Actinobacteria	Micrococcales	Cellulomonadaceae	Cellulomonas	Cellulomonas sp. SN7	Microbial	Actinobacteria	Actinobacteria
OTU Cluster 1	FJ439860.1.1500	FALSE	4.65290357547124	-0.798635538563412	1.28342564035683	13.3659974227774	0.00125201789736216	0.00516983783005515	Bacteria	Proteobacteria	Alphaproteobacteria	Rhizobiales	Xanthobacteraceae	Bradyrhizobium	uncultured bacterium	Microbial	Alphaproteobacteria	Alphaproteobacteria
OTU Cluster 1	FPLL01003591.16.1518	FALSE	12.546616205627	-2.51832292049792	0.992252354087906	8.10474040465438	0.0173811289861589	0.0445016717804932	Bacteria	Bacteroidetes	Bacteroidia	Sphingobacteriales	Sphingobacteriaceae	Pedobacter	metagenome	Microbial	Bacteroidetes	Bacteroidetes
OTU Cluster 1	FPLL01004284.9.1534	FALSE	25.5947202313751	-5.01733881771698	1.14738342881657	20.3753776391072	3.76307576427208e-05	0.000321636475700991	Bacteria	Proteobacteria	Gammaproteobacteria	Xanthomonadales	Rhodanobacteraceae	Luteibacter	metagenome	Microbial	Gammaproteobacteria	Gammaproteobacteria
OTU Cluster 1	FPLL01008779.14.1515	FALSE	4.51662488175231	1.83172981303402	1.93419545443968	18.7592383056411	8.44273503294922e-05	0.000607072852369206	Bacteria	Bacteroidetes	Bacteroidia	Sphingobacteriales	Sphingobacteriaceae	uncultured	metagenome	Microbial	Bacteroidetes	Bacteroidetes
OTU Cluster 1	FPLS01002389.29.1540	FALSE	1.63596326066824	-1.05793919794499	1.99168451446881	9.82746741713407	0.0073450129330085	0.0223308111318983	Bacteria	Planctomycetes	Phycisphaerae	Tepidisphaerales	CPla-3 termite group	metagenome	metagenome	Microbial	Planctomycetes	Low abundance
OTU Cluster 1	FPLS01045466.20.1521	FALSE	1.46054581589061	0.330318102881245	2.37247646105118	8.80144889603377	0.0122684488294722	0.0338878495106763	Bacteria	Bacteroidetes	Bacteroidia	Chitinophagales	Chitinophagaceae	Heliimonas	metagenome	Microbial	Bacteroidetes	Bacteroidetes
OTU Cluster 1	FR749785.1.1508	FALSE	3.77685554930545	-4.26967068045189	1.47777462699568	8.97547768616155	0.0112460441522352	0.03144727161088	Bacteria	Proteobacteria	Gammaproteobacteria	Xanthomonadales	Rhodanobacteraceae	Rhodanobacter	uncultured gamma proteobacterium	Microbial	Gammaproteobacteria	Gammaproteobacteria
OTU Cluster 1	GEXO01005455.1.1513	TRUE	53.341372370975	1.40513782280692	0.913657522509794	8.8709679617622	0.011849329670621	0.032930959145959	Bacteria	Proteobacteria	Gammaproteobacteria	Enterobacteriales	Enterobacteriaceae	Escherichia-Shigella	Malaclemys terrapin terrapin	Microbial	Gammaproteobacteria	Gammaproteobacteria
OTU Cluster 1	GQ249625.1.1521	FALSE	12.1618635335127	-5.07262818008267	1.65227763621095	8.02116123086061	0.0181228697636445	0.0449689106003676	Bacteria	Verrucomicrobia	Verrucomicrobiae	Chthoniobacterales	Chthoniobacteraceae	Chthoniobacter	uncultured Verrucomicrobia bacterium	Microbial	Verrucomicrobia	Verrucomicrobia
OTU Cluster 1	GQ483458.1.1495	FALSE	3.71742495393986	0.321840885989528	2.28117088128883	9.91454057297045	0.00703209726809861	0.0216703405608753	Bacteria	Proteobacteria	Alphaproteobacteria	Rhizobiales	Rhizobiaceae	Allorhizobium-Neorhizobium-Pararhizobium-Rhizobium	Rhizobium sp. HGR6	Microbial	Alphaproteobacteria	Alphaproteobacteria
OTU Cluster 1	HM447949.1.1500	FALSE	26.6629375942401	-4.63804178153133	1.12131982603689	26.6386710241149	1.64242703278666e-06	2.47799635857419e-05	Bacteria	Proteobacteria	Gammaproteobacteria	Xanthomonadales	Rhodanobacteraceae	uncultured	uncultured Xanthomonadaceae bacterium	Microbial	Gammaproteobacteria	Gammaproteobacteria
OTU Cluster 1	HQ323430.1.1541	FALSE	14.869216470623	-0.552928937660872	1.05541936284596	10.0649079627717	0.00652278412346748	0.0205195917217415	Bacteria	Firmicutes	Bacilli	Bacillales	Bacillaceae	Bacillus	Bacillus megaterium	Microbial	Firmicutes	Firmicutes
OTU Cluster 1	JN023818.1.1454	FALSE	19.0382585361661	-0.391254989687383	1.80562704117055	46.7963435020846	6.8913311860908e-11	3.7164762005325e-09	Bacteria	Acidobacteria	Acidobacteriia	Acidobacteriales	Acidobacteriaceae (Subgroup 1)	Terracidiphilus	uncultured bacterium	Microbial	Acidobacteria	Acidobacteria
OTU Cluster 1	JQ769659.1.1463	FALSE	9.94220073508844	0.330317309082915	2.10312758523884	24.3224483117659	5.22934693932006e-06	5.77779064271217e-05	Bacteria	Planctomycetes	Phycisphaerae	Tepidisphaerales	WD2101 soil group	uncultured bacterium	uncultured bacterium	Microbial	Planctomycetes	Low abundance
OTU Cluster 1	JQ769670.1.1493	FALSE	2.86639921320925	0.330315858289508	2.36234764132478	11.4573680647161	0.00325135309501146	0.0116893885082555	Bacteria	Bacteroidetes	Bacteroidia	Sphingobacteriales	Sphingobacteriaceae	Mucilaginibacter	uncultured bacterium	Microbial	Bacteroidetes	Bacteroidetes
OTU Cluster 1	JX079440.1.1482	TRUE	13.7002360839082	-2.68213736040487	0.870924888983153	9.50531892337615	0.00862871691966655	0.0252181210619932	Bacteria	Proteobacteria	Alphaproteobacteria	Sphingomonadales	Sphingomonadaceae	Sphingomonas	uncultured Sphingomonas sp.	Microbial	Alphaproteobacteria	Alphaproteobacteria
OTU Cluster 1	JX485752.1.1493	FALSE	2.94060863373265	-3.1525014208258	1.9699070393067	7.87695494224818	0.0194778477667611	0.0469333246720361	Bacteria	Proteobacteria	Alphaproteobacteria	Sphingomonadales	Sphingomonadaceae	Sphingomonas	Sphingomonas sp. SMrs27	Microbial	Alphaproteobacteria	Alphaproteobacteria
OTU Cluster 1	KC620950.1.1541	FALSE	8.33710849421224	-4.90515265631676	1.58136861349131	17.6072717732228	0.000150186021840298	0.00101543683423365	Bacteria	Proteobacteria	Gammaproteobacteria	Xanthomonadales	Rhodanobacteraceae	Dyella	uncultured bacterium	Microbial	Gammaproteobacteria	Gammaproteobacteria
OTU Cluster 1	KJ013387.1.1515	FALSE	2.10283631466327	0.330319990244338	2.21521570298216	12.2111956811974	0.0022303475790774	0.00828153650263985	Bacteria	Actinobacteria	Actinobacteria	Frankiales	Geodermatophilaceae	Blastococcus	uncultured bacterium	Microbial	Actinobacteria	Actinobacteria
OTU Cluster 1	KJ191825.1.1464	FALSE	6.54663621897369	0.330321408778013	1.97352585632365	26.5747601445284	1.69575909747902e-06	2.47799635857419e-05	Bacteria	Acidobacteria	Acidobacteriia	Acidobacteriales	Koribacteraceae	Candidatus Koribacter	uncultured Acidobacteria bacterium	Microbial	Acidobacteria	Acidobacteria
OTU Cluster 1	KM200367.1.1508	TRUE	1637.38778262575	-4.82083512002113	0.938986764232349	31.6735504478099	1.32487806270129e-07	2.85795124954136e-06	Bacteria	Proteobacteria	Gammaproteobacteria	Xanthomonadales	Rhodanobacteraceae	Rhodanobacter	uncultured gamma proteobacterium	Microbial	Gammaproteobacteria	Gammaproteobacteria
OTU Cluster 1	KM200381.1.1511	FALSE	8.15677012261866	-4.70183893694236	1.64897885094425	16.9117326926982	0.000212649274846778	0.00135676227472662	Bacteria	Proteobacteria	Gammaproteobacteria	Xanthomonadales	Rhodanobacteraceae	Dyella	uncultured Dyella sp.	Microbial	Gammaproteobacteria	Gammaproteobacteria
OTU Cluster 1	KP322638.1.1551	FALSE	34.9868406308065	-1.10598892600668	1.84151287409457	44.5363744830405	2.13328637219196e-10	8.78526115093599e-09	Bacteria	Actinobacteria	Actinobacteria	Micrococcales	Micrococcaceae	Kocuria	Kocuria rosea	Microbial	Actinobacteria	Actinobacteria
OTU Cluster 1	KX589534.1.1481	FALSE	8.46308761473301	2.07178597597257	1.21812310438065	12.2270886317425	0.00221269441032001	0.00828153650263985	Bacteria	Proteobacteria	Alphaproteobacteria	Caulobacterales	Caulobacteraceae	Phenylobacterium	uncultured bacterium	Microbial	Alphaproteobacteria	Alphaproteobacteria
OTU Cluster 1	KX672762.1.1394	FALSE	3.22951559647465	-0.396827035359379	1.77279062559586	8.53662976667729	0.0140053639517035	0.037541005148649	Bacteria	Proteobacteria	Gammaproteobacteria	Xanthomonadales	Rhodanobacteraceae	Dyella	uncultured Xanthomonadaceae bacterium	Microbial	Gammaproteobacteria	Gammaproteobacteria
OTU Cluster 1	KY287273.1.1499	FALSE	1.59088919489571	1.06168941166772	2.15519605745449	8.77362753900534	0.0124403038154852	0.0341542886570595	Bacteria	Proteobacteria	Gammaproteobacteria	Betaproteobacteriales	Burkholderiaceae	uncultured	uncultured bacterium	Microbial	Gammaproteobacteria	Gammaproteobacteria
OTU Cluster 1	KY777463.1.1542	FALSE	1.22844128145685	0.330318400254292	2.39315872814291	7.89865239117653	0.0192676800503082	0.0466751821539552	Bacteria	Actinobacteria	Actinobacteria	Micrococcales	Micrococcaceae	Micrococcus	Micrococcus sp.	Microbial	Actinobacteria	Actinobacteria
OTU Cluster 1	LC221821.1.1416	FALSE	3.25959428550081	0.33032031923997	2.13187194369626	15.9263560839953	0.000348045255537226	0.00197080625947954	Bacteria	Bacteroidetes	Bacteroidia	Cytophagales	Spirosomaceae	Spirosoma	Spirosoma sp. 15J10-9T5	Microbial	Bacteroidetes	Bacteroidetes
OTU Cluster 1	LMIW01000001.1349490.1351021	FALSE	26.0185103999295	-3.23424535884668	0.949695117878549	30.8589011772895	1.99101600219226e-07	3.92143586518737e-06	Bacteria	Actinobacteria	Actinobacteria	Micrococcales	Intrasporangiaceae	Terrabacter	Terrabacter sp. Root85	Microbial	Actinobacteria	Actinobacteria
OTU Cluster 1	LMQD01000001.797688.799194	TRUE	212.027256011952	3.86602251301574	0.860796503497045	26.4069907693588	1.84414392640599e-06	2.61061624581848e-05	Bacteria	Proteobacteria	Alphaproteobacteria	Rhizobiales	Rhizobiaceae	Allorhizobium-Neorhizobium-Pararhizobium-Rhizobium	Rhizobium sp. Leaf383	Microbial	Alphaproteobacteria	Alphaproteobacteria
OTU Cluster 1	LN564884.1.1313	FALSE	3.94002065687185	-2.72486210797562	1.73880154732913	15.3736585490958	0.000458830693903021	0.00233539667795582	Bacteria	Proteobacteria	Alphaproteobacteria	Micropepsales	Micropepsaceae	uncultured	uncultured bacterium	Microbial	Alphaproteobacteria	Alphaproteobacteria
OTU Cluster 1	LN570041.1.1366	FALSE	5.39661779464214	0.330311588619285	2.42024488867001	13.928225494383	0.000945201196113571	0.00411707828691777	Bacteria	Bacteroidetes	Bacteroidia	Cytophagales	Cytophagaceae	Sporocytophaga	uncultured bacterium	Microbial	Bacteroidetes	Bacteroidetes
OTU Cluster 1	M11657.1.1527	FALSE	3.73869532383086	-3.67980886565414	1.85685355537827	9.78561248705966	0.00750034511976559	0.0226510422616921	Bacteria	Bacteroidetes	Bacteroidia	Sphingobacteriales	Sphingobacteriaceae	Pedobacter	Pedobacter heparinus	Microbial	Bacteroidetes	Bacteroidetes
OTU Cluster 1	MLJW01001310.158.1631	FALSE	3.11537529088075	0.330315528722436	2.34687035914171	12.6765296376425	0.00176736627843421	0.00672787331202267	Bacteria	Proteobacteria	Alphaproteobacteria	Rhodospirillales	Magnetospirillaceae	Telmatospirillum	mine drainage metagenome	Microbial	Alphaproteobacteria	Alphaproteobacteria
OTU Cluster 1	MVOD01000011.1.1496	FALSE	2.66025752194688	-1.68646813096573	1.88358944334088	13.2401788403278	0.00133331171533052	0.00544135321661914	Bacteria	Proteobacteria	Alphaproteobacteria	Rhizobiales	Xanthobacteraceae	Rhodopseudomonas	Rhodopseudomonas palustris	Microbial	Alphaproteobacteria	Alphaproteobacteria
OTU Cluster 2	AB166778.1.1440	FALSE	3.00761024740486	6.14084244690836	1.9583700531076	13.9084042156397	0.000954615317226494	0.00411848322574859	Bacteria	Chloroflexi	Chloroflexia	Chloroflexales	Roseiflexaceae	Kouleothrix	uncultured bacterium	Microbial	Chloroflexi	Chloroflexi
OTU Cluster 2	AB240462.1.1502	FALSE	6.35752112112244	7.21466504864086	1.68176951265126	25.4720489438857	2.94316662787132e-06	3.52021591399999e-05	Bacteria	Proteobacteria	Gammaproteobacteria	Betaproteobacteriales	Rhodocyclaceae	Candidatus Accumulibacter	uncultured bacterium	Microbial	Gammaproteobacteria	Gammaproteobacteria
OTU Cluster 2	AB271055.1.1421	FALSE	2.65352020986335	1.56859065086433	1.41471958724936	8.13258052452074	0.0171408587963978	0.0443703373415325	Bacteria	Proteobacteria	Alphaproteobacteria	Caulobacterales	Caulobacteraceae	Caulobacter	Caulobacter ginsengisoli	Microbial	Alphaproteobacteria	Alphaproteobacteria
OTU Cluster 2	AB795548.1.1519	FALSE	6.0053397168067	5.45474775087509	1.51162976136574	15.8198267306218	0.000367086381632093	0.00200349555276311	Bacteria	Proteobacteria	Gammaproteobacteria	Betaproteobacteriales	Burkholderiaceae	Hydrogenophaga	Hydrogenophaga taeniospiralis	Microbial	Gammaproteobacteria	Gammaproteobacteria
OTU Cluster 2	AF407723.1.1503	TRUE	431.355546492533	3.65805028316434	1.19961153517092	13.040592708087	0.00147323243926333	0.00585416048233586	Bacteria	Proteobacteria	Alphaproteobacteria	Azospirillales	Azospirillaceae	Azospirillum	uncultured bacterium	Microbial	Alphaproteobacteria	Alphaproteobacteria
OTU Cluster 2	AJ488504.1.1486	FALSE	1.94353035771982	5.40375561389692	1.93047065902933	9.05133400341354	0.0108274900730139	0.0304649254849398	Bacteria	Proteobacteria	Alphaproteobacteria	Acetobacterales	Acetobacteraceae	Roseomonas	Roseomonas ludipueritiae	Microbial	Alphaproteobacteria	Alphaproteobacteria
OTU Cluster 2	ARNI01000005.12.1498	TRUE	24.4180013915759	2.24127603983769	0.734218797382505	14.7827475572296	0.000616548370480801	0.00286283633976955	Bacteria	Bacteroidetes	Bacteroidia	Cytophagales	Spirosomaceae	Dyadobacter	Dyadobacter beijingensis DSM 21582	Microbial	Bacteroidetes	Bacteroidetes
OTU Cluster 2	AXCX01000029.19358.20885	FALSE	2.16452410999175	5.50688734032357	2.03847593160227	7.73571981012594	0.0209030561158411	0.049837286423558	Bacteria	Actinobacteria	Actinobacteria	Micrococcales	Cellulomonadaceae	Actinotalea	Actinotalea fermentans ATCC 43279 = JCM 9966 = DSM 3133	Microbial	Actinobacteria	Actinobacteria
OTU Cluster 2	BBUL01000055.3960.5476	FALSE	7.54385178732524	6.73853020213152	2.15165399685684	13.7732676770083	0.00102134607686228	0.00436480917753407	Bacteria	Proteobacteria	Gammaproteobacteria	Cellvibrionales	Cellvibrionaceae	Cellvibrio	Cellvibrio sp. OA-2007	Microbial	Gammaproteobacteria	Gammaproteobacteria
OTU Cluster 2	CCAO010000029.3706.5205	FALSE	10.9450410621508	1.68941340204718	1.00180062344439	20.0249043155501	4.4838107880941e-05	0.000369302961273932	Bacteria	Proteobacteria	Alphaproteobacteria	Rhizobiales	Devosiaceae	Paradevosia	Devosia nanyangense	Microbial	Alphaproteobacteria	Alphaproteobacteria
OTU Cluster 2	CP015136.651073.652614	FALSE	1.7899105331273	5.3895645289547	2.08383522900406	9.8796676870929	0.00715578725377412	0.021902510986214	Bacteria	Acidobacteria	Subgroup 6	Unknown Order	Unknown Family	Luteitalea	Luteitalea pratensis	Microbial	Acidobacteria	Acidobacteria
OTU Cluster 2	DQ532277.1.1514	FALSE	45.6321946208772	2.09123309669551	0.830630552217653	47.0285207993933	6.13601570310484e-11	3.7164762005325e-09	Bacteria	Proteobacteria	Gammaproteobacteria	Xanthomonadales	Xanthomonadaceae	Lysobacter	uncultured bacterium	Microbial	Gammaproteobacteria	Gammaproteobacteria
OTU Cluster 2	EU104230.1.1426	FALSE	3.42843434135662	6.31889850995281	2.35607544140335	9.92567980596276	0.00699304005097692	0.0216703405608753	Bacteria	Proteobacteria	Deltaproteobacteria	Bdellovibrionales	Bdellovibrionaceae	Bdellovibrio	uncultured bacterium	Microbial	Deltaproteobacteria	Deltaproteobacteria
OTU Cluster 2	EU134604.1.1354	FALSE	3.93376238255173	6.52728712408739	2.73011059857694	7.76681885054043	0.0205805376246601	0.0493279552591059	Bacteria	Fibrobacteres	Fibrobacteria	Fibrobacterales	Fibrobacteraceae	possible genus 04	uncultured bacterium	Microbial	Fibrobacteres	Fibrobacteres
OTU Cluster 2	EU431746.1.1490	FALSE	4.36445779440861	3.47806222961053	1.72024298845433	10.3638543834528	0.0056171706116945	0.0181755591935543	Bacteria	Proteobacteria	Gammaproteobacteria	Betaproteobacteriales	Burkholderiaceae	Massilia	uncultured bacterium	Microbial	Gammaproteobacteria	Gammaproteobacteria
OTU Cluster 2	EU580497.1.1459	FALSE	128.597520795832	6.24498838614815	1.23214623857016	33.9429871489863	4.25965073341655e-08	1.01559041170405e-06	Bacteria	Verrucomicrobia	Verrucomicrobiae	Verrucomicrobiales	Verrucomicrobiaceae	Prosthecobacter	uncultured bacterium	Microbial	Verrucomicrobia	Verrucomicrobia
OTU Cluster 2	FJ375367.1.1517	FALSE	3.1716746236572	6.2088044464927	1.94818728630719	14.285365814363	0.000790628066735086	0.00351131876697053	Bacteria	Bacteroidetes	Bacteroidia	Flavobacteriales	Weeksellaceae	Chryseobacterium	uncultured bacterium	Microbial	Bacteroidetes	Bacteroidetes
OTU Cluster 2	FJ375388.1.1726	FALSE	5.36820131403338	1.91718805774441	1.17800969591786	14.766126732697	0.000621693491046752	0.00286283633976955	Bacteria	Proteobacteria	Gammaproteobacteria	Betaproteobacteriales	Burkholderiaceae	Massilia	uncultured bacterium	Microbial	Gammaproteobacteria	Gammaproteobacteria
OTU Cluster 2	FJ478699.1.1443	FALSE	5.22993018516912	2.4770999987221	1.07914772325163	19.1781210408316	6.84737210632369e-05	0.000525738909180446	Bacteria	Chloroflexi	Chloroflexia	Chloroflexales	Roseiflexaceae	uncultured	uncultured bacterium	Microbial	Chloroflexi	Chloroflexi
OTU Cluster 2	FLQY01000362.466.1993	FALSE	21.1510631567828	8.95071476039795	1.65109515595777	37.8552501158687	6.02333311092798e-09	1.81904659950025e-07	Bacteria	Proteobacteria	Gammaproteobacteria	Betaproteobacteriales	Rhodocyclaceae	Propionivibrio	Candidatus Propionivibrio aalborgensis	Microbial	Gammaproteobacteria	Gammaproteobacteria
OTU Cluster 2	FM213046.1.1528	FALSE	12.1882356810022	7.42566217379283	1.8209561522437	23.3854235925925	8.35448701557945e-06	8.60132413194885e-05	Bacteria	Proteobacteria	Gammaproteobacteria	Xanthomonadales	Xanthomonadaceae	Pseudoxanthomonas	uncultured bacterium	Microbial	Gammaproteobacteria	Gammaproteobacteria
OTU Cluster 2	FNIB01000031.49.1586	TRUE	22.0344835018223	2.28905444798749	0.782854709950261	8.01521801493466	0.0181768039236472	0.0449689106003676	Bacteria	Actinobacteria	Actinobacteria	Micrococcales	Microbacteriaceae	Cryobacterium	Cryobacterium flavum	Microbial	Actinobacteria	Actinobacteria
OTU Cluster 2	FOMK01000028.124.1656	FALSE	5.15263814092098	6.13701249052147	1.63286258747592	19.0436416119704	7.32361939752313e-05	0.000552933264512996	Bacteria	Bacteroidetes	Bacteroidia	Chitinophagales	Chitinophagaceae	Chitinophaga	Chitinophaga sp. CF118	Microbial	Bacteroidetes	Bacteroidetes
OTU Cluster 2	FPLL01000218.9.1546	FALSE	3.51500454871195	5.63895332044222	1.74003155235835	17.0818118138024	0.000195313244363207	0.00126395570995047	Bacteria	Verrucomicrobia	Verrucomicrobiae	Opitutales	Opitutaceae	uncultured	metagenome	Microbial	Verrucomicrobia	Verrucomicrobia
OTU Cluster 2	FPLL01000464.16.1551	FALSE	67.8322113809977	6.56434545037178	1.35484560629296	30.1735878003807	2.8047144986108e-07	5.29389861612788e-06	Bacteria	Proteobacteria	Deltaproteobacteria	Myxococcales	BIrii41	metagenome	metagenome	Microbial	Deltaproteobacteria	Deltaproteobacteria
OTU Cluster 2	FPLL01003727.10.1475	FALSE	2.18124683389452	2.03947053365923	1.46129612562817	8.05811566375255	0.017791084252206	0.0449689106003676	Bacteria	Proteobacteria	Alphaproteobacteria	Caulobacterales	Caulobacteraceae	Caulobacter	metagenome	Microbial	Alphaproteobacteria	Alphaproteobacteria
OTU Cluster 2	FPLS01011245.15.1478	FALSE	10.8047803251269	1.95215359180526	1.1675134176058	18.6682114740209	8.8358713699995e-05	0.000625414020407777	Bacteria	Proteobacteria	Alphaproteobacteria	Caulobacterales	Caulobacteraceae	Caulobacter	metagenome	Microbial	Alphaproteobacteria	Alphaproteobacteria
OTU Cluster 2	FPLS01017303.111.1632	FALSE	2.73506860121881	6.00216019695976	2.13240361179956	11.2393849938166	0.00362575586870028	0.0126343646809325	Bacteria	Proteobacteria	Deltaproteobacteria	Myxococcales	BIrii41	metagenome	metagenome	Microbial	Deltaproteobacteria	Deltaproteobacteria
OTU Cluster 2	FPLS01017875.18.1484	TRUE	23.9378597037564	2.04050856808487	0.804449259520022	13.1455481441633	0.00139791411383657	0.00565406333542825	Bacteria	Proteobacteria	Alphaproteobacteria	Caulobacterales	Caulobacteraceae	Caulobacter	metagenome	Microbial	Alphaproteobacteria	Alphaproteobacteria
OTU Cluster 2	FPLS01033822.31.1498	FALSE	5.13663067021377	3.57927317688336	1.30656700662761	15.171624143193	0.000507602411373497	0.00249939013426298	Bacteria	Proteobacteria	Alphaproteobacteria	Rhizobiales	Rhizobiaceae	Shinella	metagenome	Microbial	Alphaproteobacteria	Alphaproteobacteria
OTU Cluster 2	FPLS01038674.9.1475	FALSE	7.46077853223619	2.14128790194962	1.01929967904721	17.7471100345026	0.000140043843398233	0.000961210016051509	Bacteria	Proteobacteria	Alphaproteobacteria	Sphingomonadales	Sphingomonadaceae	Sphingomonas	metagenome	Microbial	Alphaproteobacteria	Alphaproteobacteria
OTU Cluster 2	FR853451.1.1447	TRUE	44.9917318048584	2.49775759125324	1.02754062582418	25.7026376348507	2.62266700415196e-06	3.33920812674312e-05	Bacteria	Proteobacteria	Alphaproteobacteria	Caulobacterales	Caulobacteraceae	Phenylobacterium	uncultured bacterium	Microbial	Alphaproteobacteria	Alphaproteobacteria
OTU Cluster 2	GQ057105.1.1323	FALSE	3.73729513152641	6.44354075800802	1.93740173970094	15.3488734766295	0.000464552148345347	0.00233824581333825	Bacteria	Proteobacteria	Deltaproteobacteria	Bdellovibrionales	Bdellovibrionaceae	Bdellovibrio	uncultured bacterium	Microbial	Deltaproteobacteria	Deltaproteobacteria
OTU Cluster 2	GQ263727.1.1426	FALSE	3.61465210552465	2.33235627175052	1.49641443729533	9.74034497150655	0.00767204185584351	0.0228647036887968	Bacteria	Planctomycetes	Phycisphaerae	Tepidisphaerales	WD2101 soil group	uncultured bacterium	uncultured bacterium	Microbial	Planctomycetes	Low abundance
OTU Cluster 2	GU444094.1.1487	FALSE	2.76158144823645	6.01996821572475	1.84764847375998	15.226443992769	0.000493878018992137	0.00245853563300481	Bacteria	Bacteroidetes	Bacteroidia	Cytophagales	Microscillaceae	Ohtaekwangia	uncultured bacterium	Microbial	Bacteroidetes	Bacteroidetes
OTU Cluster 2	HQ397578.1.1508	FALSE	10.5957577344648	7.22879057565917	1.86745416646284	20.6446303415685	3.2890879062089e-05	0.000286530157983198	Bacteria	Proteobacteria	Deltaproteobacteria	Myxococcales	BIrii41	uncultured bacterium	uncultured bacterium	Microbial	Deltaproteobacteria	Deltaproteobacteria
OTU Cluster 2	JF199003.1.1298	FALSE	2.82413034920598	2.05335825276954	1.40965795192819	9.30421607857279	0.00954146692817746	0.0273562311295214	Bacteria	Chloroflexi	Chloroflexia	Chloroflexales	Roseiflexaceae	uncultured	uncultured bacterium	Microbial	Chloroflexi	Chloroflexi
OTU Cluster 2	JF428924.1.1494	FALSE	11.6019809468374	2.98405161504453	1.3842809121259	16.8281712726217	0.000221722127879621	0.00139500172124262	Bacteria	Bacteroidetes	Bacteroidia	Sphingobacteriales	env.OPS 17	uncultured bacterium	uncultured bacterium	Microbial	Bacteroidetes	Bacteroidetes
OTU Cluster 2	JF935192.1.1491	FALSE	9.00702649796524	7.71743768268361	1.82477586468814	23.4320312676866	8.162046418547e-06	8.59862099442277e-05	Bacteria	Proteobacteria	Gammaproteobacteria	Betaproteobacteriales	Burkholderiaceae	Tepidimonas	uncultured bacterium	Microbial	Gammaproteobacteria	Gammaproteobacteria
OTU Cluster 2	JQ427612.1.1443	FALSE	3.68021460756153	6.43429559796533	2.30019340566519	10.7455995308402	0.00464111905850626	0.0154590215698775	Bacteria	Chloroflexi	Anaerolineae	SBR1031	A4b	OLB13	uncultured bacterium	Microbial	Chloroflexi	Chloroflexi
OTU Cluster 2	JQ427871.1.1509	FALSE	12.7997852014013	5.32559479900771	1.60974205555821	19.8409504837953	4.91577893917942e-05	0.000397651403472907	Bacteria	Proteobacteria	Deltaproteobacteria	Myxococcales	BIrii41	uncultured bacterium	uncultured bacterium	Microbial	Deltaproteobacteria	Deltaproteobacteria
OTU Cluster 2	JQ793380.1.1483	FALSE	11.6142762234921	4.5188770996491	1.71408093402051	14.8265982768407	0.000603177442461016	0.00284624355661292	Bacteria	Bacteroidetes	Bacteroidia	Sphingobacteriales	Sphingobacteriaceae	Arcticibacter	uncultured Pedobacter sp.	Microbial	Bacteroidetes	Bacteroidetes
OTU Cluster 2	JX077130.1.1446	FALSE	25.9317718534173	9.24536873476046	1.58111360873395	44.7752875837138	1.89308379712077e-10	8.57566960095708e-09	Bacteria	Bacteroidetes	Bacteroidia	Flavobacteriales	Crocinitomicaceae	Fluviicola	Fluviicola hefeinensis	Microbial	Bacteroidetes	Bacteroidetes
OTU Cluster 2	JX079516.1.1461	FALSE	47.1541033333829	1.08482905378254	0.834446070068522	24.9156310928935	3.8872229633441e-06	4.40228000598719e-05	Bacteria	Proteobacteria	Alphaproteobacteria	Caulobacterales	Caulobacteraceae	Asticcacaulis	uncultured Asticcacaulis sp.	Microbial	Alphaproteobacteria	Alphaproteobacteria
OTU Cluster 2	JX521479.1.1464	FALSE	2.97346074887526	6.13113695944809	2.30257089933802	9.97027983135494	0.00683882110222946	0.0213654204090341	Bacteria	Patescibacteria	Gracilibacteria	Absconditabacteriales (SR1)	uncultured bacterium	uncultured bacterium	uncultured bacterium	Microbial	Patescibacteria	Low abundance
OTU Cluster 2	KC286814.1.1514	FALSE	67.0354719178039	3.65353711538118	1.3467418682264	21.7681547619239	1.87544897484422e-05	0.000176995497000924	Bacteria	Proteobacteria	Gammaproteobacteria	Betaproteobacteriales	Burkholderiaceae	Massilia	uncultured bacterium	Microbial	Gammaproteobacteria	Gammaproteobacteria
OTU Cluster 2	KC331388.1.1484	FALSE	3.87259992786587	6.50402412214967	2.28384802908334	11.0735537582826	0.00393920292616824	0.0136218238591925	Bacteria	Bacteroidetes	Bacteroidia	Cytophagales	Microscillaceae	Ohtaekwangia	uncultured bacterium	Microbial	Bacteroidetes	Bacteroidetes
OTU Cluster 2	KC432445.1.1353	FALSE	2.8790409155283	6.06845412235227	2.33777927739322	9.47978113952258	0.00873960250993584	0.0253784611346214	Bacteria	Bacteroidetes	Bacteroidia	Cytophagales	Cytophagaceae	Sporocytophaga	uncultured bacterium	Microbial	Bacteroidetes	Bacteroidetes
OTU Cluster 2	KC494332.1.1486	FALSE	35.4836410050527	5.66754202601479	1.59916241071103	15.8825713989381	0.00035574879810964	0.0019720826992898	Bacteria	Proteobacteria	Alphaproteobacteria	Rhizobiales	Rhizobiaceae	Allorhizobium-Neorhizobium-Pararhizobium-Rhizobium	Rhizobium sp. G1-6-80	Microbial	Alphaproteobacteria	Alphaproteobacteria
OTU Cluster 2	KC554190.1.1550	FALSE	34.8461377182546	1.95593886084859	0.789817555935559	42.3469660055023	6.37489695625615e-10	2.4065236009867e-08	Bacteria	Actinobacteria	Actinobacteria	Propionibacteriales	Nocardioidaceae	Nocardioides	uncultured bacterium	Microbial	Actinobacteria	Actinobacteria
OTU Cluster 2	KC554661.1.1526	FALSE	3.04570203720096	2.22794887264288	1.32789003631665	8.21942600675036	0.0164124841779972	0.0429760423851604	Bacteria	Actinobacteria	Actinobacteria	Frankiales	Geodermatophilaceae	Blastococcus	uncultured bacterium	Microbial	Actinobacteria	Actinobacteria
OTU Cluster 2	KJ540794.1.1479	FALSE	3.31890089965905	6.28799724774862	2.30884295595493	10.3033272987617	0.00578976457190138	0.0183410024550442	Bacteria	Proteobacteria	Deltaproteobacteria	Myxococcales	BIrii41	uncultured Sorangiineae bacterium	uncultured Sorangiineae bacterium	Microbial	Deltaproteobacteria	Deltaproteobacteria
OTU Cluster 2	KJ809328.1.1510	TRUE	460.191961554617	3.57685908893776	1.0210877742438	23.1856588309702	9.23205015494677e-06	9.29359715597975e-05	Bacteria	Proteobacteria	Gammaproteobacteria	Betaproteobacteriales	Burkholderiaceae	Massilia	uncultured bacterium	Microbial	Gammaproteobacteria	Gammaproteobacteria
OTU Cluster 2	KM116008.1.1667	FALSE	4.62687307728399	4.33562499492349	1.41989144854562	16.7667443307033	0.000228637640088661	0.00141880617753648	Bacteria	Proteobacteria	Gammaproteobacteria	Enterobacteriales	Enterobacteriaceae	Serratia	Serratia nematodiphila	Microbial	Gammaproteobacteria	Gammaproteobacteria
OTU Cluster 2	KR027003.1.1529	FALSE	23.9288679518067	3.25913663281289	0.99864837296123	21.1100184931928	2.6062599345458e-05	0.00023612715006985	Bacteria	Proteobacteria	Gammaproteobacteria	Betaproteobacteriales	Burkholderiaceae	Massilia	bacterium JNKLA11	Microbial	Gammaproteobacteria	Gammaproteobacteria
OTU Cluster 2	KU050051.1.1431	FALSE	2.18828124961157	4.8951088342782	1.82333678896582	11.2422335896051	0.00362059538815469	0.0126343646809325	Bacteria	Actinobacteria	Actinobacteria	Propionibacteriales	Nocardioidaceae	Nocardioides	Nocardioides sp. X17	Microbial	Actinobacteria	Actinobacteria
OTU Cluster 2	KU714901.1.1529	TRUE	273.054766224943	1.57194199870155	1.05942973085077	26.5855644130988	1.68662307833822e-06	2.47799635857419e-05	Bacteria	Actinobacteria	Actinobacteria	Streptomycetales	Streptomycetaceae	Streptomyces	Streptomyces sp. MM45	Microbial	Actinobacteria	Actinobacteria
OTU Cluster 2	KX509522.1.1494	FALSE	12.5944125946839	3.12591755067811	0.925839365142943	20.6934140093511	3.20983155374016e-05	0.00028510856742045	Bacteria	Proteobacteria	Gammaproteobacteria	Betaproteobacteriales	Burkholderiaceae	Burkholderia-Caballeronia-Paraburkholderia	uncultured bacterium	Microbial	Gammaproteobacteria	Gammaproteobacteria
OTU Cluster 2	KY711182.1.1549	FALSE	6.53133091340404	7.22913184613714	1.69603453316648	22.4515450055611	1.33262803958943e-05	0.000131234891724785	Bacteria	Proteobacteria	Gammaproteobacteria	Pseudomonadales	Pseudomonadaceae	Pseudomonas	Pseudomonas knackmussii	Microbial	Gammaproteobacteria	Gammaproteobacteria
OTU Cluster 2	LC218409.1.1446	FALSE	2.85740858753556	4.57679070917504	1.73617782389134	12.8610444865373	0.00161160896274241	0.00629361086312339	Bacteria	Proteobacteria	Alphaproteobacteria	Rhizobiales	Pleomorphomonadaceae	Chthonobacter	Pleomorphomonas sp. SM-2017	Microbial	Alphaproteobacteria	Alphaproteobacteria
OTU Cluster 2	LN570703.1.1368	FALSE	14.3462266056463	8.39061678239481	1.86607334489903	25.3073174835492	3.19584591907527e-06	3.71209795215666e-05	Bacteria	Bacteroidetes	Bacteroidia	Cytophagales	Microscillaceae	Ohtaekwangia	uncultured bacterium	Microbial	Bacteroidetes	Bacteroidetes
OTU Cluster 3	AB696770.1.1529	FALSE	15.7111751132516	-3.88551448854794	1.13548648756996	25.7492838021571	2.56220612993122e-06	3.33920812674312e-05	Bacteria	Proteobacteria	Gammaproteobacteria	Pseudomonadales	Pseudomonadaceae	Azotobacter	Azotobacter chroococcum	Microbial	Gammaproteobacteria	Gammaproteobacteria
OTU Cluster 3	AB698039.1.1598	FALSE	33.5569290444876	0.534194525336895	1.30308181330736	12.6251138163112	0.00181339063308191	0.0068455496398842	Bacteria	Proteobacteria	Gammaproteobacteria	Betaproteobacteriales	Burkholderiaceae	uncultured	uncultured bacterium	Microbial	Gammaproteobacteria	Gammaproteobacteria
OTU Cluster 3	AF001645.1.1525	TRUE	186.179933889592	0.476565508544857	0.742362998646183	17.2139580667526	0.000182825386388422	0.00120028840628921	Bacteria	Proteobacteria	Gammaproteobacteria	Betaproteobacteriales	Burkholderiaceae	Massilia	uncultured proteobacterium OCS7	Microbial	Gammaproteobacteria	Gammaproteobacteria
OTU Cluster 3	AF041446.1.1481	FALSE	4.28770819762654	-6.31967782962751	1.92565666121985	15.7231056371424	0.000385275144236067	0.00205328988634045	Bacteria	Proteobacteria	Alphaproteobacteria	Rhizobiales	Xanthobacteraceae	Afipia	Bradyrhizobium sp. 'SH 283012'	Microbial	Alphaproteobacteria	Alphaproteobacteria
OTU Cluster 3	AF072921.1.1536	FALSE	2.99729679193176	-5.79772488653451	1.83863044786435	15.0763041346318	0.000532380516713931	0.0025932083233485	Bacteria	Proteobacteria	Gammaproteobacteria	Betaproteobacteriales	Rhodocyclaceae	Azoarcus	uncultured bacterium S23	Microbial	Gammaproteobacteria	Gammaproteobacteria
OTU Cluster 3	AJ012069.1.1532	FALSE	5.4747064848518	-6.65179499086884	2.19399352135795	11.4970389062909	0.00318749654268678	0.0115514874706969	Bacteria	Proteobacteria	Gammaproteobacteria	Betaproteobacteriales	Burkholderiaceae	Herbaspirillum	Herbaspirillum sp. G8A1	Microbial	Gammaproteobacteria	Gammaproteobacteria
OTU Cluster 3	AJXW01000099.273.1818	FALSE	28.2583622088527	-9.01115893539249	1.55147852670454	36.8452101641461	9.98077512230842e-09	2.82580695650357e-07	Bacteria	Proteobacteria	Gammaproteobacteria	Xanthomonadales	Rhodanobacteraceae	Rhodanobacter	Rhodanobacter thiooxydans LCS2	Microbial	Gammaproteobacteria	Gammaproteobacteria
OTU Cluster 3	AVPT01000055.387.1933	FALSE	3.94147325233368	-1.8542376917286	1.35308499215433	10.8995950038513	0.00429717477227098	0.0146362418935245	Bacteria	Proteobacteria	Gammaproteobacteria	Xanthomonadales	Xanthomonadaceae	Lysobacter	Lysobacter arseniciresistens ZS79	Microbial	Gammaproteobacteria	Gammaproteobacteria
OTU Cluster 3	AXVY01000004.645.2106	FALSE	20.3906427884537	-0.526556116803366	1.10160942783728	18.8378156026409	8.11746297336559e-05	0.000593098504344292	Bacteria	Proteobacteria	Alphaproteobacteria	Rhizobiales	Rhizobiaceae	Allorhizobium-Neorhizobium-Pararhizobium-Rhizobium	Rhizobacter sp. JGI 0001007-A16	Microbial	Alphaproteobacteria	Alphaproteobacteria
OTU Cluster 3	AY212636.1.1538	FALSE	5.02576610237189	-1.49540992927922	1.35258568236844	10.9389457431029	0.0042134526034495	0.0144598032527472	Bacteria	Proteobacteria	Gammaproteobacteria	Xanthomonadales	Xanthomonadaceae	Lysobacter	uncultured bacterium	Microbial	Gammaproteobacteria	Gammaproteobacteria
OTU Cluster 3	AY679161.1.1526	TRUE	1029.19705613647	-2.05117945467848	0.812277193399384	16.636707158488	0.000243997255851636	0.00149365887703772	Bacteria	Proteobacteria	Gammaproteobacteria	Betaproteobacteriales	Burkholderiaceae	Massilia	Massilia alkalitolerans	Microbial	Gammaproteobacteria	Gammaproteobacteria
OTU Cluster 3	BBFA01000009.27.1528	FALSE	5.61565635705248	-6.7055049678922	1.81439972470248	19.6721987654825	5.34855313474963e-05	0.000425069222814313	Bacteria	Actinobacteria	Actinobacteria	Propionibacteriales	Nocardioidaceae	Nocardioides	Nocardioides sp. JCM 18998	Microbial	Actinobacteria	Actinobacteria
OTU Cluster 3	BBFS01000160.204.1722	FALSE	3.2536416177335	-2.55415600559858	1.53233963751142	9.76295310670403	0.00758580490851751	0.0227574147255525	Bacteria	Actinobacteria	Actinobacteria	Micrococcales	Micrococcaceae	Paenarthrobacter	Paenarthrobacter nitroguajacolicus JCM 14115	Microbial	Actinobacteria	Actinobacteria
OTU Cluster 3	BBPC01190614.7148.8812	FALSE	37.223642260821	0.191383056136029	1.42671515637691	16.3826018760893	0.000277053220615884	0.00162993647972721	Bacteria	Proteobacteria	Gammaproteobacteria	Pseudomonadales	Pseudomonadaceae	Pseudomonas	Humulus lupulus var. lupulus	Microbial	Gammaproteobacteria	Gammaproteobacteria
OTU Cluster 3	BBWU01000045.81659.83142	FALSE	2.66539435870165	-5.63207200224754	1.83417364067743	14.459813904085	0.000724588281472839	0.00324988605452669	Bacteria	Proteobacteria	Alphaproteobacteria	Sphingomonadales	Sphingomonadaceae	Sphingomonas	Sphingomonas changbaiensis NBRC 104936	Microbial	Alphaproteobacteria	Alphaproteobacteria
OTU Cluster 3	CP002961.1412328.1413816	FALSE	44.6722721610336	-0.500952880735218	1.32391032358036	14.7047133107951	0.000641079774622815	0.00290409137904135	Bacteria	Bacteroidetes	Bacteroidia	Cytophagales	Spirosomaceae	Emticicia	Emticicia oligotrophica DSM 17448	Microbial	Bacteroidetes	Bacteroidetes
OTU Cluster 3	CP012201.3677670.3679209	FALSE	253.974541921413	-0.738508880740563	1.15852169695331	20.0902901260267	4.33959229283691e-05	0.000364043575676874	Bacteria	Proteobacteria	Gammaproteobacteria	Betaproteobacteriales	Burkholderiaceae	Massilia	Massilia sp. NR 4-1	Microbial	Gammaproteobacteria	Gammaproteobacteria
OTU Cluster 3	DQ421393.1.1523	FALSE	32.3011311618201	-8.49649306750022	1.72126137908608	33.358645018079	5.70508701103485e-08	1.29220220799939e-06	Bacteria	Proteobacteria	Gammaproteobacteria	Betaproteobacteriales	Burkholderiaceae	Castellaniella	Alcaligenes sp. Ic4	Microbial	Gammaproteobacteria	Gammaproteobacteria
OTU Cluster 3	DQ497785.1.1557	FALSE	4.02968502595762	-1.2625697532939	1.528224848732	8.13991235778823	0.0170781368739318	0.0443703373415325	Bacteria	Proteobacteria	Gammaproteobacteria	Pseudomonadales	Pseudomonadaceae	Pseudomonas	uncultured bacterium	Microbial	Gammaproteobacteria	Gammaproteobacteria
OTU Cluster 3	EU223947.1.1486	FALSE	3.85351248228025	-6.1637840556559	1.73337500371449	18.9955090385414	7.50200970789311e-05	0.000557116458635341	Bacteria	Proteobacteria	Alphaproteobacteria	Sphingomonadales	Sphingomonadaceae	Ellin6055	uncultured bacterium	Microbial	Alphaproteobacteria	Alphaproteobacteria
OTU Cluster 3	EU676444.1.1244	FALSE	2.37576018302109	-2.61586329677909	1.42232615600621	10.5613598184809	0.00508896957873584	0.0168270307968419	Bacteria	Chloroflexi	Chloroflexia	Chloroflexales	Chloroflexaceae	FFCH7168	uncultured bacterium	Microbial	Chloroflexi	Chloroflexi
OTU Cluster 3	FJ716905.1.1529	TRUE	17.4937707063521	-0.278730737612805	0.97855455674966	10.8328734144898	0.00444295000668331	0.0150198235300563	Bacteria	Proteobacteria	Gammaproteobacteria	Betaproteobacteriales	Burkholderiaceae	Massilia	uncultured bacterium	Microbial	Gammaproteobacteria	Gammaproteobacteria
OTU Cluster 3	FM209342.1.1487	FALSE	2.28385744774852	-0.12210470995932	1.21969368368438	7.93546236154223	0.0189163021558036	0.0463193777112381	Bacteria	Planctomycetes	Planctomycetacia	Pirellulales	Pirellulaceae	Pirellula	uncultured bacterium	Microbial	Planctomycetes	Low abundance
OTU Cluster 3	FOBB01000022.85.1613	FALSE	19.9151390899853	-8.53453400938192	1.94945212527531	24.1128356442834	5.80716636963873e-06	6.2634437272532e-05	Bacteria	Bacteroidetes	Bacteroidia	Chitinophagales	Chitinophagaceae	Chitinophaga	Chitinophaga rupis	Microbial	Bacteroidetes	Bacteroidetes
OTU Cluster 3	FOOF01000043.3238.4772	FALSE	10.3613718191167	-1.65359536598869	1.13124288197696	16.2275975846433	0.000299379430027592	0.00173870361285255	Bacteria	Proteobacteria	Gammaproteobacteria	Betaproteobacteriales	Burkholderiaceae	Massilia	Duganella sp. CF458	Microbial	Gammaproteobacteria	Gammaproteobacteria
OTU Cluster 3	FPLS01008151.9.1473	FALSE	12.8585348173666	0.481053082866138	1.07490349322628	19.1906197733269	6.80471380271215e-05	0.000525738909180446	Bacteria	Proteobacteria	Alphaproteobacteria	Rhizobiales	Rhizobiaceae	Allorhizobium-Neorhizobium-Pararhizobium-Rhizobium	metagenome	Microbial	Alphaproteobacteria	Alphaproteobacteria
OTU Cluster 3	FPLS01016886.16.1542	FALSE	1.88940790597533	-5.14199301064061	2.00814557128825	10.3684316608352	0.00560432963747775	0.0181755591935543	Bacteria	Verrucomicrobia	Verrucomicrobiae	Chthoniobacterales	Chthoniobacteraceae	Chthoniobacter	metagenome	Microbial	Verrucomicrobia	Verrucomicrobia
OTU Cluster 3	FPLS01025032.12.1480	FALSE	2.9996028622755	-5.79331512380791	1.96400305729583	13.0910839310147	0.00143650533522493	0.00575873377749461	Bacteria	Proteobacteria	Alphaproteobacteria	Sphingomonadales	Sphingomonadaceae	Sphingomonas	metagenome	Microbial	Alphaproteobacteria	Alphaproteobacteria
OTU Cluster 3	GU385761.1.1541	FALSE	3.32445356506723	-2.44238190298605	1.69047441959131	8.10394183064768	0.0173880704307888	0.0445016717804932	Bacteria	Proteobacteria	Gammaproteobacteria	Xanthomonadales	Xanthomonadaceae	Thermomonas	uncultured bacterium	Microbial	Gammaproteobacteria	Gammaproteobacteria
OTU Cluster 3	HM159974.1.1513	FALSE	9.29508240546461	-1.35389721941971	1.0474978639743	9.23337908603261	0.00988546736735635	0.0281642560843549	Bacteria	Proteobacteria	Gammaproteobacteria	Enterobacteriales	Enterobacteriaceae	Klebsiella	uncultured Klebsiella sp.	Microbial	Gammaproteobacteria	Gammaproteobacteria
OTU Cluster 3	HM459675.1.1465	FALSE	52.1980985347148	-9.92431565001973	1.54909463100347	54.3792115434723	1.55490638958044e-12	1.76093148619985e-10	Bacteria	Verrucomicrobia	Verrucomicrobiae	Verrucomicrobiales	Verrucomicrobiaceae	Prosthecobacter	uncultured bacterium	Microbial	Verrucomicrobia	Verrucomicrobia
OTU Cluster 3	HM461197.1.1492	FALSE	6.84623607181809	-1.27460523621783	1.12389949053802	15.655270184766	0.000398566940611139	0.00207529682869938	Bacteria	Proteobacteria	Gammaproteobacteria	Enterobacteriales	Enterobacteriaceae	Klebsiella	Klebsiella sp. enrichment culture clone HSL72	Microbial	Gammaproteobacteria	Gammaproteobacteria
OTU Cluster 3	HQ121087.1.1522	FALSE	17.0044078957667	0.275315526007777	1.1400279733891	13.5090592044235	0.00116558799539768	0.00488899409180692	Bacteria	Proteobacteria	Gammaproteobacteria	Betaproteobacteriales	Burkholderiaceae	uncultured	uncultured bacterium	Microbial	Gammaproteobacteria	Gammaproteobacteria
OTU Cluster 3	HQ441581.1.1535	TRUE	29.5991445271583	-3.00648515447166	0.840127123819126	11.839662530519	0.00268565330173681	0.00981129794908688	Bacteria	Firmicutes	Bacilli	Bacillales	Paenibacillaceae	Ammoniphilus	uncultured bacterium	Microbial	Firmicutes	Firmicutes
OTU Cluster 3	HQ697551.1.1454	FALSE	3.86704515662086	-5.30015853945798	1.6532748547727	12.1887032765229	0.00225557209337019	0.00830710697802191	Bacteria	Proteobacteria	Alphaproteobacteria	Rhizobiales	Hyphomicrobiaceae	Pedomicrobium	uncultured bacterium	Microbial	Alphaproteobacteria	Alphaproteobacteria
OTU Cluster 3	JF766456.1.1504	FALSE	5.01539178504518	-1.08467685223593	1.35375000683675	10.3388899122362	0.0056877248801592	0.0182733288702987	Bacteria	Proteobacteria	Gammaproteobacteria	Betaproteobacteriales	Burkholderiaceae	Janthinobacterium	uncultured bacterium	Microbial	Gammaproteobacteria	Gammaproteobacteria
OTU Cluster 3	JF832310.1.1460	FALSE	8.31686889154488	-7.25864763514658	1.64429477688867	25.465418207587	2.95294050181015e-06	3.52021591399999e-05	Bacteria	Firmicutes	Bacilli	Bacillales	Paenibacillaceae	Brevibacillus	uncultured bacterium	Microbial	Firmicutes	Firmicutes
OTU Cluster 3	JN868839.1.1481	FALSE	3.34400541903337	-1.4263576190551	1.43154085923003	8.61511132071372	0.013466425916146	0.0365286882635576	Bacteria	Proteobacteria	Alphaproteobacteria	Caulobacterales	Caulobacteraceae	Brevundimonas	uncultured bacterium	Microbial	Alphaproteobacteria	Alphaproteobacteria
OTU Cluster 3	JQ655791.1.1490	FALSE	60.1454689269303	-0.465668168862372	1.00153232253499	27.0588533010035	1.33120414852847e-06	2.15369814029785e-05	Bacteria	Bacteroidetes	Bacteroidia	Flavobacteriales	Crocinitomicaceae	Fluviicola	uncultured bacterium	Microbial	Bacteroidetes	Bacteroidetes
OTU Cluster 3	JQ775300.1.1566	FALSE	1.8238865669081	-5.07836044161537	2.25104258439172	8.0893585653758	0.017515321221824	0.0445755085027319	Bacteria	Firmicutes	Bacilli	Bacillales	Paenibacillaceae	Brevibacillus	uncultured Brevibacillus sp.	Microbial	Firmicutes	Firmicutes
OTU Cluster 3	JX545207.1.1517	FALSE	5.68978164439749	-5.27209095869947	1.86527701590905	8.00548054279548	0.0182655177714517	0.0449689106003676	Bacteria	Actinobacteria	Actinobacteria	Micrococcales	Microbacteriaceae	Subtercola	Subtercola sp. N1-13	Microbial	Actinobacteria	Actinobacteria
OTU Cluster 3	KC191600.5.1544	TRUE	73.7411576899784	-0.00613410615336729	0.750889255846751	8.38709305099057	0.0150926633288762	0.0397498633022147	Bacteria	Proteobacteria	Gammaproteobacteria	Betaproteobacteriales	Burkholderiaceae	Achromobacter	Alcaligenes sp. enrichment culture clone BQN23	Microbial	Gammaproteobacteria	Gammaproteobacteria
OTU Cluster 3	KC502951.1.1538	FALSE	22.8408801436835	-7.51011185608282	1.30953913280137	34.3613877106766	3.45556815717795e-08	8.69651319556452e-07	Bacteria	Proteobacteria	Gammaproteobacteria	Xanthomonadales	Rhodanobacteraceae	Rhodanobacter	uncultured Rhodanobacter sp.	Microbial	Gammaproteobacteria	Gammaproteobacteria
OTU Cluster 3	KC554244.1.1542	FALSE	1.88799097911976	-4.33582670686349	1.88605824125458	9.38325329054016	0.00917175482394376	0.0264637257022072	Bacteria	Actinobacteria	Actinobacteria	Propionibacteriales	Nocardioidaceae	Nocardioides	uncultured bacterium	Microbial	Actinobacteria	Actinobacteria
OTU Cluster 3	KC554609.1.1533	FALSE	4.06653144502548	-1.12758634316622	1.04191036840143	11.3923807077466	0.003358736713353	0.0119803758358182	Bacteria	Actinobacteria	Actinobacteria	Propionibacteriales	Nocardioidaceae	Nocardioides	uncultured bacterium	Microbial	Actinobacteria	Actinobacteria
OTU Cluster 3	KC555019.1.1524	FALSE	9.59732956160931	-0.322676611187395	0.939424813569863	10.472697443967	0.00531964492124218	0.0174623126762515	Bacteria	Actinobacteria	Actinobacteria	Propionibacteriales	Nocardioidaceae	Nocardioides	uncultured bacterium	Microbial	Actinobacteria	Actinobacteria
OTU Cluster 3	KF071177.1.1375	FALSE	31.4920841480457	-9.19007439022903	1.61467555259383	39.3899148323092	2.79633161525475e-09	9.7441401670031e-08	Bacteria	Proteobacteria	Deltaproteobacteria	Oligoflexales	0319-6G20	uncultured bacterium	uncultured bacterium	Microbial	Deltaproteobacteria	Deltaproteobacteria
OTU Cluster 3	KF625183.1.1786	TRUE	471.704383628091	-0.715083651220933	0.83088456538276	14.7534293874864	0.000625652974916523	0.00286283633976955	Bacteria	Proteobacteria	Gammaproteobacteria	Enterobacteriales	Enterobacteriaceae	Klebsiella	Klebsiella oxytoca	Microbial	Gammaproteobacteria	Gammaproteobacteria
OTU Cluster 3	KJ013374.1.1531	FALSE	5.11627518743259	-3.18675603449908	1.23430425195167	15.4191846155842	0.000448504291570507	0.00230877777365272	Bacteria	Actinobacteria	Actinobacteria	Streptomycetales	Streptomycetaceae	Streptomyces	uncultured bacterium	Microbial	Actinobacteria	Actinobacteria
OTU Cluster 3	KJ123800.1.1500	FALSE	5.42846470894568	-6.65930176804886	1.70614317779913	22.4032165941708	1.36522215714977e-05	0.000131584178125286	Bacteria	Bacteroidetes	Bacteroidia	Chitinophagales	Chitinophagaceae	Chitinophaga	uncultured Chitinophaga sp.	Microbial	Bacteroidetes	Bacteroidetes
OTU Cluster 3	KJ161326.1.1708	FALSE	57.1719146800004	-4.15560834776383	1.18282698345133	25.8189569365546	2.4744844955174e-06	3.33920812674312e-05	Bacteria	Proteobacteria	Gammaproteobacteria	Pseudomonadales	Pseudomonadaceae	Pseudomonas	Pseudomonas putida	Microbial	Gammaproteobacteria	Gammaproteobacteria
OTU Cluster 3	KJ191933.1.1442	FALSE	4.42007078713733	-1.54029465709725	1.1948083599686	12.882838602992	0.00159414250537593	0.00627953526030694	Bacteria	Chloroflexi	Chloroflexia	Chloroflexales	Roseiflexaceae	uncultured	uncultured Chloroflexaceae bacterium	Microbial	Chloroflexi	Chloroflexi
OTU Cluster 3	KM047475.1.1443	FALSE	3.60583836970403	-6.06302424232756	1.85698922580794	15.8756759302805	0.000356977442255548	0.0019720826992898	Bacteria	Actinobacteria	Actinobacteria	Kineosporiales	Kineosporiaceae	Angustibacter	Micrococcineae bacterium FP3	Microbial	Actinobacteria	Actinobacteria
OTU Cluster 3	KP232912.1.1527	FALSE	14.6412537070387	-1.06747155804843	0.991825879748899	13.5777649971079	0.0011262266311043	0.00476804358775934	Bacteria	Proteobacteria	Gammaproteobacteria	Betaproteobacteriales	Burkholderiaceae	Massilia	Massilia sp. CFH S0344	Microbial	Gammaproteobacteria	Gammaproteobacteria
OTU Cluster 3	KR027006.1.1391	FALSE	5.11348614183811	-4.36538410959817	1.26259634749843	16.3903537747125	0.000275981454772966	0.00162993647972721	Bacteria	Proteobacteria	Gammaproteobacteria	Enterobacteriales	Enterobacteriaceae	Klebsiella	bacterium NXKED3	Microbial	Gammaproteobacteria	Gammaproteobacteria
OTU Cluster 3	KU514636.1.1500	FALSE	3.73060324226101	-1.69309462417115	1.02864271700316	9.21591697146089	0.00997215583954896	0.028233666220723	Bacteria	Proteobacteria	Gammaproteobacteria	Betaproteobacteriales	Burkholderiaceae	Massilia	uncultured bacterium	Microbial	Gammaproteobacteria	Gammaproteobacteria
OTU Cluster 3	KU515028.1.1496	FALSE	35.7119035689231	-1.85970632941233	0.758821536435445	12.7839189700018	0.00167497090333227	0.00643018490855522	Bacteria	Proteobacteria	Gammaproteobacteria	Betaproteobacteriales	Burkholderiaceae	Massilia	uncultured bacterium	Microbial	Gammaproteobacteria	Gammaproteobacteria
OTU Cluster 3	KU740046.1.1222	FALSE	20.9289571991995	0.224911108075864	1.07138836898931	8.49274312034564	0.0143160848355151	0.037925066844961	Bacteria	Proteobacteria	Alphaproteobacteria	Caulobacterales	Caulobacteraceae	Phenylobacterium	uncultured bacterium	Microbial	Alphaproteobacteria	Alphaproteobacteria
OTU Cluster 3	KY445706.1.1475	FALSE	2.86753408191005	-5.73596793324123	1.82934858133849	14.980500923266	0.000558503059371973	0.00266317774626846	Bacteria	Proteobacteria	Alphaproteobacteria	Rhizobiales	Xanthobacteraceae	Rhodopseudomonas	Rhodopseudomonas sp.	Microbial	Alphaproteobacteria	Alphaproteobacteria
OTU Cluster 3	LBNQ01000008.81150.82697	FALSE	10.5041024528791	-2.38655748948295	1.07190087365527	18.5437280894197	9.40330685278088e-05	0.00065533815450919	Bacteria	Proteobacteria	Gammaproteobacteria	Betaproteobacteriales	Burkholderiaceae	Lampropedia	Lampropedia cohaerens	Microbial	Gammaproteobacteria	Gammaproteobacteria
OTU Cluster 3	LGUW01000207.343.1894	FALSE	4.73345216376346	-4.86014581735985	1.52048103710091	10.816144359192	0.00448026904533573	0.0150337916854599	Bacteria	Actinobacteria	Actinobacteria	Streptomycetales	Streptomycetaceae	Streptomyces	Streptomyces griseoflavus	Microbial	Actinobacteria	Actinobacteria
OTU Cluster 3	LKIT01000005.211354.212989	FALSE	8.77893821567053	-0.458329093318552	0.906902616370356	21.4022632243832	2.2519440216084e-05	0.000208189926895634	Bacteria	Proteobacteria	Gammaproteobacteria	Xanthomonadales	Xanthomonadaceae	Luteimonas	Xanthomonas sp. Mitacek01	Microbial	Gammaproteobacteria	Gammaproteobacteria
OTU Cluster 3	LMER01000011.89.1621	FALSE	2.81102089147495	-3.50724313354215	1.52349617014553	12.8413661858035	0.00162754409116686	0.00630151686579988	Bacteria	Actinobacteria	Actinobacteria	Kineosporiales	Kineosporiaceae	Angustibacter	Angustibacter sp. Root456	Microbial	Actinobacteria	Actinobacteria
